<?xml version="1.0" encoding="utf-8"?>
<!DOCTYPE hibernate-mapping PUBLIC "-//Hibernate/Hibernate Mapping DTD 3.0//EN"
"http://hibernate.sourceforge.net/hibernate-mapping-3.0.dtd">
<!-- 
    Mapping file autogenerated by MyEclipse Persistence Tools
-->
<hibernate-mapping>
    <class name="com.train.hibernate.Address" table="address" catalog="addressdb">
        <id name="id" type="java.lang.Long">
            <column name="ID" />
            <generator class="native" />
        </id>
        <property name="fname" type="java.lang.String">
            <column name="FNAME" length="30" />
        </property>
        <property name="lname" type="java.lang.String">
            <column name="LNAME" length="30" />
        </property>
        <property name="dept" type="java.lang.String">
            <column name="DEPT" length="30" />
        </property>
        <property name="phone" type="java.lang.String">
            <column name="PHONE" length="30" />
        </property>
        <property name="mobile" type="java.lang.String">
            <column name="MOBILE" length="30" />
        </property>
        <property name="email" type="java.lang.String">
            <column name="EMAIL" length="30" />
        </property>
        <property name="jobtitle" type="java.lang.String">
            <column name="JOBTITLE" length="30" />
        </property>
    </class>
</hibernate-mapping>
