<?xml version="1.0" encoding="UTF-8"?>
<beans
	xmlns="http://www.springframework.org/schema/beans"
	xmlns:xsi="http://www.w3.org/2001/XMLSchema-instance"
	xmlns:p="http://www.springframework.org/schema/p"
	xsi:schemaLocation="http://www.springframework.org/schema/beans http://www.springframework.org/schema/beans/spring-beans-3.0.xsd">


	<bean id="dataSource"
		class="org.apache.commons.dbcp.BasicDataSource">
		<property name="driverClassName"
			value="com.mysql.jdbc.Driver">
		</property>
		<property name="url"
			value="jdbc:mysql://localhost:3306/addressdb?useUnicode=true&amp;characterEncoding=UTF-8">
		</property>
		<property name="username" value="root"></property>
	</bean>
	<bean id="sessionFactory"
		class="org.springframework.orm.hibernate3.LocalSessionFactoryBean">
		<property name="dataSource">
			<ref bean="dataSource" />
		</property>
		<property name="hibernateProperties">
			<props>
				<prop key="hibernate.dialect">
					org.hibernate.dialect.MySQLInnoDBDialect
				</prop>
			</props>
		</property>
		<property name="mappingResources">
			<list>
				<value>com/train/hibernate/Address.hbm.xml</value></list>
		</property></bean>
	<bean id="AddressDAO" class="com.train.hibernate.AddressDAO">
		<property name="sessionFactory">
			<ref bean="sessionFactory" />
		</property>
	</bean></beans>